title,url,time_published,authors,summary,banner_image,source,category_within_source,source_domain,topics,overall_sentiment_score,overall_sentiment_label,ticker_sentiment
No Microsoft remedies in first EU antitrust review of Activision deal - source,https://www.reuters.com/markets/deals/no-microsoft-remedies-first-eu-antitrust-review-activision-deal-source-2022-10-31/,20221031T180600,['Foo Yun Chee'],"BRUSSELS, Oct 31 ( Reuters ) - Microsoft Corp's ( MSFT.O ) has not offered any remedies to EU antitrust regulators reviewing its proposed $69 billion bid for ""Call of Duty"" maker Activision Blizzard ( ATVI.O ) ahead of an expected full-scale EU probe, a person familiar with the matter said on ...",https://cloudfront-us-east-2.images.arcpublishing.com/reuters/KZT6DJORRBNC3N4PJ4M36YIBKU.jpg,Reuters,Markets,www.reuters.com,"[{'topic': 'Technology', 'relevance_score': '1.0'}]",0.112352,Neutral,"[{'ticker': 'ATVI', 'relevance_score': '0.202366', 'ticker_sentiment_score': '0.037315', 'ticker_sentiment_label': 'Neutral'}, {'ticker': 'MSFT', 'relevance_score': '0.694939', 'ticker_sentiment_score': '0.160337', 'ticker_sentiment_label': 'Somewhat-Bullish'}, {'ticker': 'SNEJF', 'relevance_score': '0.558244', 'ticker_sentiment_score': '0.228062', 'ticker_sentiment_label': 'Somewhat-Bullish'}, {'ticker': 'TCTZF', 'relevance_score': '0.202366', 'ticker_sentiment_score': '0.174359', 'ticker_sentiment_label': 'Somewhat-Bullish'}]"
MSFT: 1 Cash-Rich Stock You Can Buy Now and Hold Forever,https://stocknews.com/news/msft-vmw-dox-agys-1-cash-rich-stock-you-can-buy-now-and-hold-forever/,20221031T124941,[],"Amid persistently high inflation, aggressive interest rate hikes, and a potential economic slowdown, cash-rich companies like Microsoft Corporation ( MSFT ) are witnessing huge investor interest. MSFT's strong cash position allows it to advance organic growth, pursue strategic acquisitions, pay ...",https://stocknews.com/wp-content/uploads/2019/04/stock-photo-vancouver-canada-november-microsoft-sign-on-the-new-office-building-in-vancouver-520693948.jpg,Stocknews.com,n/a,stocknews.com,"[{'topic': 'Economy - Monetary', 'relevance_score': '0.310843'}, {'topic': 'Financial Markets', 'relevance_score': '0.365926'}, {'topic': 'Earnings', 'relevance_score': '0.999896'}, {'topic': 'Technology', 'relevance_score': '0.5'}, {'topic': 'Finance', 'relevance_score': '0.5'}]",0.212306,Somewhat-Bullish,"[{'ticker': 'MSFT', 'relevance_score': '0.627119', 'ticker_sentiment_score': '0.295733', 'ticker_sentiment_label': 'Somewhat-Bullish'}, {'ticker': 'VMW', 'relevance_score': '0.094576', 'ticker_sentiment_score': '-0.035279', 'ticker_sentiment_label': 'Neutral'}, {'ticker': 'CSCO', 'relevance_score': '0.187827', 'ticker_sentiment_score': '0.019566', 'ticker_sentiment_label': 'Neutral'}, {'ticker': 'DOX', 'relevance_score': '0.094576', 'ticker_sentiment_score': '-0.035279', 'ticker_sentiment_label': 'Neutral'}, {'ticker': 'AGYS', 'relevance_score': '0.094576', 'ticker_sentiment_score': '-0.035279', 'ticker_sentiment_label': 'Neutral'}, {'ticker': 'UBS', 'relevance_score': '0.141448', 'ticker_sentiment_score': '0.213818', 'ticker_sentiment_label': 'Somewhat-Bullish'}]"
MSFT: 2 Tech Stocks Ready to Help You Make Money in the Long Term,https://stocknews.com/news/msft-cvlt-2-tech-stocks-ready-to-help-you-make-money-in/,20221031T191339,[],"Amid the Fed's consecutive rate hikes, tech stocks have witnessed a freefall in 2022. The interest rate-sensitive and tech-heavy NASDAQ Composite has lost 30% year-to-date. However, Philadelphia Federal Reserve President Patrick Harker expects the Fed will stop hiking rates by 2023.",https://stocknews.com/wp-content/uploads/2022/05/shutterstock_1405194650-2-scaled.jpg,Stocknews.com,n/a,stocknews.com,"[{'topic': 'Economy - Monetary', 'relevance_score': '0.310843'}, {'topic': 'Financial Markets', 'relevance_score': '0.214378'}, {'topic': 'Earnings', 'relevance_score': '0.980922'}, {'topic': 'Technology', 'relevance_score': '0.5'}, {'topic': 'Finance', 'relevance_score': '0.5'}]",0.189922,Somewhat-Bullish,"[{'ticker': 'MSFT', 'relevance_score': '0.567144', 'ticker_sentiment_score': '0.197907', 'ticker_sentiment_label': 'Somewhat-Bullish'}, {'ticker': 'CSCO', 'relevance_score': '0.155451', 'ticker_sentiment_score': '-0.065945', 'ticker_sentiment_label': 'Neutral'}, {'ticker': 'CVLT', 'relevance_score': '0.305058', 'ticker_sentiment_score': '0.389775', 'ticker_sentiment_label': 'Bullish'}, {'ticker': 'UBS', 'relevance_score': '0.155451', 'ticker_sentiment_score': '-0.012376', 'ticker_sentiment_label': 'Neutral'}]"
Long View Recognized with Five Designations by Microsoft's Cloud Partner Program,https://www.newswire.ca/news-releases/long-view-recognized-with-five-designations-by-microsoft-s-cloud-partner-program-889689711.html,20221031T150900,['Long View Systems'],"CALGARY, AB, Oct. 31, 2022 /CNW/ - One of North America's most powerful tech services companies, Long View, announces today the company has been awarded five of six possible cloud-aligned industry designations by Microsoft's newly launched Cloud Partner Program.",https://mma.prnewswire.com/media/1933768/Long_View_Systems_Long_View_Recognized_with_Five_Designations_by.jpg?w=500,Canada Newswire,n/a,www.newswire.ca,"[{'topic': 'Technology', 'relevance_score': '1.0'}]",0.449902,Bullish,"[{'ticker': 'MSFT', 'relevance_score': '0.56415', 'ticker_sentiment_score': '0.460095', 'ticker_sentiment_label': 'Bullish'}]"
MSFT: 3 Tech Stocks You'll Be Kicking Yourself Later for Not Buying,https://stocknews.com/news/msft-it-jbl-3-tech-stocks-youll-be-kicking-yourself-later-for-not/,20221031T134414,[],The technology industry has been bearing the brunt of the Fed's aggressive interest rate hikes this year. Concerns over rising borrowing costs and slowing demand have led to tech stocks witnessing massive sell-off since the beginning of the year. The tech-heavy Nasdaq has lost close to 30% ...,https://stocknews.com/wp-content/uploads/2022/06/shutterstock_1990825910-scaled.jpg,Stocknews.com,n/a,stocknews.com,"[{'topic': 'Economy - Monetary', 'relevance_score': '0.158519'}, {'topic': 'Financial Markets', 'relevance_score': '0.503496'}, {'topic': 'Manufacturing', 'relevance_score': '0.5'}, {'topic': 'Earnings', 'relevance_score': '0.999999'}, {'topic': 'Technology', 'relevance_score': '0.5'}]",0.219242,Somewhat-Bullish,"[{'ticker': 'MSFT', 'relevance_score': '0.356154', 'ticker_sentiment_score': '0.196064', 'ticker_sentiment_label': 'Somewhat-Bullish'}, {'ticker': 'AAPL', 'relevance_score': '0.08183', 'ticker_sentiment_score': '-0.274389', 'ticker_sentiment_label': 'Somewhat-Bearish'}, {'ticker': 'CSCO', 'relevance_score': '0.122477', 'ticker_sentiment_score': '0.131495', 'ticker_sentiment_label': 'Neutral'}, {'ticker': 'IT', 'relevance_score': '0.040969', 'ticker_sentiment_score': '0.094583', 'ticker_sentiment_label': 'Neutral'}, {'ticker': 'JBL', 'relevance_score': '0.280846', 'ticker_sentiment_score': '0.28911', 'ticker_sentiment_label': 'Somewhat-Bullish'}]"
Cognizant  ( CTSH )  to Report Q3 Earnings: What's in Store?,https://www.zacks.com/stock/news/2011264/cognizant-ctsh-to-report-q3-earnings-whats-in-store,20221031T145800,['Zacks Investment Research'],"Cognizant's (CTSH) third-quarter earnings are expected to have benefited from significant growth in its digital business operations, which has been outgrowing the BPO market.",https://staticx-tuner.zacks.com/images/articles/main/17/1716.jpg,Zacks Commentary,n/a,www.zacks.com,"[{'topic': 'Financial Markets', 'relevance_score': '0.310843'}, {'topic': 'Earnings', 'relevance_score': '0.988787'}, {'topic': 'Technology', 'relevance_score': '1.0'}, {'topic': 'Blockchain', 'relevance_score': '0.158519'}]",0.209595,Somewhat-Bullish,"[{'ticker': 'MSFT', 'relevance_score': '0.279015', 'ticker_sentiment_score': '0.438143', 'ticker_sentiment_label': 'Bullish'}, {'ticker': 'CTSH', 'relevance_score': '0.279015', 'ticker_sentiment_score': '0.0', 'ticker_sentiment_label': 'Neutral'}, {'ticker': 'TME', 'relevance_score': '0.211191', 'ticker_sentiment_score': '-0.118494', 'ticker_sentiment_label': 'Neutral'}, {'ticker': 'TCTZF', 'relevance_score': '0.071145', 'ticker_sentiment_score': '0.0', 'ticker_sentiment_label': 'Neutral'}, {'ticker': 'ZI', 'relevance_score': '0.211191', 'ticker_sentiment_score': '-0.032132', 'ticker_sentiment_label': 'Neutral'}]"
Arista Networks Beats Q3 Earnings Estimates Amid High Expectations,https://www.investors.com/news/technology/anet-stock-arista-earnings-arista-stock-q32022/,20221031T203235,"[""Investor's Business Daily"", 'REINHARDT KRAUSE']",ANET Stock: Arista Earnings Beat Estimates Amid High Expectations | Investor's Business Daily Investor's Business Daily ...,https://www.investors.com/wp-content/uploads/2019/10/stock-Arista-03-shutter.jpg,Investors Business Daily,n/a,www.investors.com,"[{'topic': 'Earnings', 'relevance_score': '0.998947'}, {'topic': 'Technology', 'relevance_score': '1.0'}, {'topic': 'Financial Markets', 'relevance_score': '0.955357'}]",0.08515,Neutral,"[{'ticker': 'MSFT', 'relevance_score': '0.241684', 'ticker_sentiment_score': '0.041402', 'ticker_sentiment_label': 'Neutral'}, {'ticker': 'META', 'relevance_score': '0.461699', 'ticker_sentiment_score': '0.128573', 'ticker_sentiment_label': 'Neutral'}, {'ticker': 'ANET', 'relevance_score': '0.558244', 'ticker_sentiment_score': '0.190078', 'ticker_sentiment_label': 'Somewhat-Bullish'}, {'ticker': 'CSCO', 'relevance_score': '0.241684', 'ticker_sentiment_score': '0.0', 'ticker_sentiment_label': 'Neutral'}, {'ticker': 'JNPR', 'relevance_score': '0.241684', 'ticker_sentiment_score': '0.0', 'ticker_sentiment_label': 'Neutral'}]"
"This Pot Stock Has Outperformed Apple, Amazon, Google, Microsoft & Netflix - Innovative Ind Props  ( NYSE:IIPR ) , Apple  ( NASDAQ:AAPL ) ",https://www.benzinga.com/markets/cannabis/22/10/29477682/this-pot-stock-has-outperformed-apple-amazon-google-microsoft-netflix,20221031T124327,['Nina Zdinjak'],"Those investors who added marijuana-focused Real Estate Investment Trust - Innovative Industrial Properties IIPR to their portfolios some five years ago, must be really pleased with their return on the investment.",https://cdn.benzinga.com/files/images/story/2022/10/31/stock_apple_amazon_google_microsoft_netflix_and_marijuana_ataur0002bd_and_azure1_by_shutterstock_and_wikipedia.jpg?width=1200&height=800&fit=crop,Benzinga,Markets,www.benzinga.com,"[{'topic': 'Retail & Wholesale', 'relevance_score': '0.333333'}, {'topic': 'Financial Markets', 'relevance_score': '0.929393'}, {'topic': 'Earnings', 'relevance_score': '0.576289'}, {'topic': 'Real Estate & Construction', 'relevance_score': '0.333333'}, {'topic': 'Technology', 'relevance_score': '0.333333'}]",0.264201,Somewhat-Bullish,"[{'ticker': 'IIPR', 'relevance_score': '0.216215', 'ticker_sentiment_score': '0.27884', 'ticker_sentiment_label': 'Somewhat-Bullish'}, {'ticker': 'MSFT', 'relevance_score': '0.216215', 'ticker_sentiment_score': '0.190204', 'ticker_sentiment_label': 'Somewhat-Bullish'}, {'ticker': 'NFLX', 'relevance_score': '0.216215', 'ticker_sentiment_score': '0.190204', 'ticker_sentiment_label': 'Somewhat-Bullish'}, {'ticker': 'GOOG', 'relevance_score': '0.072876', 'ticker_sentiment_score': '0.146195', 'ticker_sentiment_label': 'Neutral'}, {'ticker': 'SSTK', 'relevance_score': '0.072876', 'ticker_sentiment_score': '0.219155', 'ticker_sentiment_label': 'Somewhat-Bullish'}, {'ticker': 'AAPL', 'relevance_score': '0.216215', 'ticker_sentiment_score': '0.193461', 'ticker_sentiment_label': 'Somewhat-Bullish'}, {'ticker': 'AMZN', 'relevance_score': '0.216215', 'ticker_sentiment_score': '0.190204', 'ticker_sentiment_label': 'Somewhat-Bullish'}, {'ticker': 'CEJOF', 'relevance_score': '0.072876', 'ticker_sentiment_score': '0.347366', 'ticker_sentiment_label': 'Somewhat-Bullish'}]"
"This NYSE-Listed Pot Stock Has Outperformed Apple, Amazon, Google, Microsoft & Netflix - Innovative Ind Props  ( NYSE:IIPR ) , Apple  ( NASDAQ:AAPL ) ",https://www.benzinga.com/markets/cannabis/22/10/29477682/this-nyse-listed-pot-stock-has-outperformed-apple-amazon-google-microsoft-netflix,20221031T124327,['Nina Zdinjak'],"Those investors who added marijuana-focused Real Estate Investment Trust - Innovative Industrial Properties IIPR to their portfolios some five years ago, must be really pleased with their return on the investment.",https://cdn.benzinga.com/files/images/story/2022/10/31/stock_apple_amazon_google_microsoft_netflix_and_marijuana_ataur0002bd_and_azure1_by_shutterstock_and_wikipedia.jpg?width=1200&height=800&fit=crop,Benzinga,Markets,www.benzinga.com,"[{'topic': 'Retail & Wholesale', 'relevance_score': '0.333333'}, {'topic': 'Financial Markets', 'relevance_score': '0.929393'}, {'topic': 'Earnings', 'relevance_score': '0.576289'}, {'topic': 'Real Estate & Construction', 'relevance_score': '0.333333'}, {'topic': 'Technology', 'relevance_score': '0.333333'}]",0.264201,Somewhat-Bullish,"[{'ticker': 'IIPR', 'relevance_score': '0.216215', 'ticker_sentiment_score': '0.27884', 'ticker_sentiment_label': 'Somewhat-Bullish'}, {'ticker': 'MSFT', 'relevance_score': '0.216215', 'ticker_sentiment_score': '0.190204', 'ticker_sentiment_label': 'Somewhat-Bullish'}, {'ticker': 'NFLX', 'relevance_score': '0.216215', 'ticker_sentiment_score': '0.190204', 'ticker_sentiment_label': 'Somewhat-Bullish'}, {'ticker': 'GOOG', 'relevance_score': '0.072876', 'ticker_sentiment_score': '0.146195', 'ticker_sentiment_label': 'Neutral'}, {'ticker': 'SSTK', 'relevance_score': '0.072876', 'ticker_sentiment_score': '0.219155', 'ticker_sentiment_label': 'Somewhat-Bullish'}, {'ticker': 'AAPL', 'relevance_score': '0.216215', 'ticker_sentiment_score': '0.193461', 'ticker_sentiment_label': 'Somewhat-Bullish'}, {'ticker': 'AMZN', 'relevance_score': '0.216215', 'ticker_sentiment_score': '0.190204', 'ticker_sentiment_label': 'Somewhat-Bullish'}, {'ticker': 'CEJOF', 'relevance_score': '0.072876', 'ticker_sentiment_score': '0.347366', 'ticker_sentiment_label': 'Somewhat-Bullish'}]"
"In October, Stocks Soared. Is the Bear Market Dead?",https://www.kiplinger.com/investing/in-october-stocks-soared-is-the-bear-market-dead,20221031T165152,['Dan Burrows'],"It remains to be seen if October will maintain its reputation as a bear-market killer, but so far so good. The Dow Jones Industrial Average is on pace to log one of its best Octobers in decades, while the broader S&P 500 has delivered impressive gains of its own.",https://cdn.mos.cms.futurecdn.net/zHBHTexWQsx3rZckFwVoF5-415-80.jpg,Kiplinger,GoogleRSS,www.kiplinger.com,"[{'topic': 'Technology', 'relevance_score': '1.0'}]",0.318531,Somewhat-Bullish,"[{'ticker': 'MSFT', 'relevance_score': '0.204936', 'ticker_sentiment_score': '0.119654', 'ticker_sentiment_label': 'Neutral'}, {'ticker': 'AAPL', 'relevance_score': '0.204936', 'ticker_sentiment_score': '0.119654', 'ticker_sentiment_label': 'Neutral'}]"
"Apple, more than Meta, holds the key to unlocking a 'metaverse'-type world of AR",https://www.marketwatch.com/story/apple-more-than-meta-holds-the-key-to-unlocking-a-metaverse-type-world-of-ar-11667242142,20221031T174900,['James Rogers'],The big leap forward around augmented reality will come when we can replicate the work we do on a laptop on our smartphones.,https://images.mktw.net/im-655341/social,MarketWatch,Top Stories,www.marketwatch.com,"[{'topic': 'Earnings', 'relevance_score': '0.360215'}, {'topic': 'Technology', 'relevance_score': '1.0'}]",0.161091,Somewhat-Bullish,"[{'ticker': 'MSFT', 'relevance_score': '0.190167', 'ticker_sentiment_score': '0.24216', 'ticker_sentiment_label': 'Somewhat-Bullish'}, {'ticker': 'GOOG', 'relevance_score': '0.127456', 'ticker_sentiment_score': '0.124776', 'ticker_sentiment_label': 'Neutral'}, {'ticker': 'META', 'relevance_score': '0.190167', 'ticker_sentiment_score': '-0.219765', 'ticker_sentiment_label': 'Somewhat-Bearish'}, {'ticker': 'AAPL', 'relevance_score': '0.529659', 'ticker_sentiment_score': '0.425147', 'ticker_sentiment_label': 'Bullish'}]"
"Verizon, Microsoft stocks are index's sole monthly losers as the Dow notches record October gains",https://www.marketwatch.com/story/verizon-microsoft-stocks-are-indexs-sole-monthly-losers-as-the-dow-notches-record-october-gains-11667249110,20221031T194500,['Emily Bary'],"Verizon recently posted continued subscriber gains, while Microsoft forecasts a further slowdown in its Azure cloud-computing business.",https://images.mktw.net/im-247964/social,MarketWatch,Top Stories,www.marketwatch.com,"[{'topic': 'Earnings', 'relevance_score': '0.744043'}, {'topic': 'Technology', 'relevance_score': '1.0'}, {'topic': 'Financial Markets', 'relevance_score': '0.214378'}]",0.204086,Somewhat-Bullish,"[{'ticker': 'MSFT', 'relevance_score': '0.1789', 'ticker_sentiment_score': '-0.004425', 'ticker_sentiment_label': 'Neutral'}, {'ticker': 'TMUS', 'relevance_score': '0.11983', 'ticker_sentiment_score': '0.10801', 'ticker_sentiment_label': 'Neutral'}, {'ticker': 'AAPL', 'relevance_score': '0.11983', 'ticker_sentiment_score': '0.068026', 'ticker_sentiment_label': 'Neutral'}, {'ticker': 'VZ', 'relevance_score': '0.502477', 'ticker_sentiment_score': '0.36777', 'ticker_sentiment_label': 'Bullish'}, {'ticker': 'FOREX:GBP', 'relevance_score': '0.060085', 'ticker_sentiment_score': '0.047216', 'ticker_sentiment_label': 'Neutral'}]"
Stock Market Today: Markets End an Up Month on a Down Note,https://www.kiplinger.com/investing/stocks/stock-market-today-markets-end-an-up-month-on-a-down-note,20221031T201501,['Dan Burrows'],"Equities closed out an otherwise strong October in the red on Monday, as a rise in bond yields and declines in some big technology stocks weighed on the major indexes. The blue-chip Dow Jones Industrial Average slipped 0.4% to finish at 32,733, while the broader S&P 500 fell 0.7% to 3,872.",https://cdn.mos.cms.futurecdn.net/fDcMRMUMHBC3j9ecr9wwPW-415-80.jpg,Kiplinger,GoogleRSS,www.kiplinger.com,"[{'topic': 'Economy - Monetary', 'relevance_score': '0.451494'}, {'topic': 'Financial Markets', 'relevance_score': '0.980716'}, {'topic': 'Earnings', 'relevance_score': '0.310843'}, {'topic': 'Technology', 'relevance_score': '1.0'}]",0.048956,Neutral,"[{'ticker': 'MSFT', 'relevance_score': '0.169081', 'ticker_sentiment_score': '-0.111162', 'ticker_sentiment_label': 'Neutral'}, {'ticker': 'GOOG', 'relevance_score': '0.085022', 'ticker_sentiment_score': '-0.081934', 'ticker_sentiment_label': 'Neutral'}, {'ticker': 'META', 'relevance_score': '0.251247', 'ticker_sentiment_score': '-0.150145', 'ticker_sentiment_label': 'Somewhat-Bearish'}, {'ticker': 'AAPL', 'relevance_score': '0.169081', 'ticker_sentiment_score': '-0.111162', 'ticker_sentiment_label': 'Neutral'}]"
Here's how 8 Club stocks also in the Dow did during the average's best month since 1976,https://www.cnbc.com/2022/10/31/heres-how-8-club-stocks-also-in-the-dow-did-during-the-averages-best-month-since-1976.html,20221031T211214,['Kevin Stankiewicz'],"More than a quarter of the companies in the 30-stock Dow are Club holdings. Here's how they did during October, when the average soared nearly 14%.",https://image.cnbcfm.com/api/v1/image/107060205-gettyimages-1396871737-dscf1636_20220512101812300.jpeg?v=1667250734&w=1920&h=1080,CNBC,Top News,www.cnbc.com,"[{'topic': 'Life Sciences', 'relevance_score': '0.25'}, {'topic': 'Financial Markets', 'relevance_score': '0.999612'}, {'topic': 'Manufacturing', 'relevance_score': '0.25'}, {'topic': 'Earnings', 'relevance_score': '0.890401'}, {'topic': 'Energy & Transportation', 'relevance_score': '0.25'}, {'topic': 'Technology', 'relevance_score': '0.25'}]",0.23819,Somewhat-Bullish,"[{'ticker': 'MSFT', 'relevance_score': '0.155786', 'ticker_sentiment_score': '0.136026', 'ticker_sentiment_label': 'Neutral'}, {'ticker': 'AAPL', 'relevance_score': '0.206685', 'ticker_sentiment_score': '0.166109', 'ticker_sentiment_label': 'Somewhat-Bullish'}, {'ticker': 'CSCO', 'relevance_score': '0.155786', 'ticker_sentiment_score': '0.136026', 'ticker_sentiment_label': 'Neutral'}, {'ticker': 'CVX', 'relevance_score': '0.104228', 'ticker_sentiment_score': '0.111726', 'ticker_sentiment_label': 'Neutral'}, {'ticker': 'HON', 'relevance_score': '0.256719', 'ticker_sentiment_score': '0.196667', 'ticker_sentiment_label': 'Somewhat-Bullish'}, {'ticker': 'CAT', 'relevance_score': '0.104228', 'ticker_sentiment_score': '0.111726', 'ticker_sentiment_label': 'Neutral'}, {'ticker': 'JNJ', 'relevance_score': '0.155786', 'ticker_sentiment_score': '0.136026', 'ticker_sentiment_label': 'Neutral'}, {'ticker': 'PG', 'relevance_score': '0.155786', 'ticker_sentiment_score': '0.136026', 'ticker_sentiment_label': 'Neutral'}]"
Earnings Erase $350B From Big Tech: 5 ETFs With Strength,https://www.zacks.com/stock/news/2011134/earnings-erase-350b-from-big-tech-5-etfs-with-strength,20221031T140500,['Zacks Investment Research'],"Tech titans had a dismal week, buoyed by weak earnings results and a disappointing outlook. The so-called ""GAMMA"" stocks collectively shed about $350 billion in market value last week.",https://staticx-tuner.zacks.com/images/articles/main/a5/16749.jpg,Zacks Commentary,n/a,www.zacks.com,"[{'topic': 'Technology', 'relevance_score': '0.333333'}, {'topic': 'Blockchain', 'relevance_score': '0.9545'}, {'topic': 'IPO', 'relevance_score': '0.158519'}, {'topic': 'Retail & Wholesale', 'relevance_score': '0.333333'}, {'topic': 'Financial Markets', 'relevance_score': '1.0'}, {'topic': 'Manufacturing', 'relevance_score': '0.333333'}, {'topic': 'Earnings', 'relevance_score': '0.947132'}]",0.105517,Neutral,"[{'ticker': 'MSFT', 'relevance_score': '0.155702', 'ticker_sentiment_score': '0.059634', 'ticker_sentiment_label': 'Neutral'}, {'ticker': 'NFLX', 'relevance_score': '0.078226', 'ticker_sentiment_score': '0.050438', 'ticker_sentiment_label': 'Neutral'}, {'ticker': 'META', 'relevance_score': '0.078226', 'ticker_sentiment_score': '0.018492', 'ticker_sentiment_label': 'Neutral'}, {'ticker': 'AAPL', 'relevance_score': '0.155702', 'ticker_sentiment_score': '0.059634', 'ticker_sentiment_label': 'Neutral'}, {'ticker': 'TSLA', 'relevance_score': '0.155702', 'ticker_sentiment_score': '0.066445', 'ticker_sentiment_label': 'Neutral'}, {'ticker': 'AMZN', 'relevance_score': '0.078226', 'ticker_sentiment_score': '0.018492', 'ticker_sentiment_label': 'Neutral'}]"
Halloween brings more tricks than treats for investors | Business,https://www.cnn.com/2022/10/31/investing/stocks-winners-losers/index.html,20221031T142500,['Paul R. La Monica'],Halloween brings more tricks than treats for investors ...,"https://media.cnn.com/api/v1/images/stellar/prod/220923130034-03-mcdonalds-california-file.jpg?c=16x9&q=h_144,w_256,c_fill",CNN,Markets,www.cnn.com,"[{'topic': 'Life Sciences', 'relevance_score': '0.166667'}, {'topic': 'Energy & Transportation', 'relevance_score': '0.166667'}, {'topic': 'Technology', 'relevance_score': '0.166667'}, {'topic': 'Finance', 'relevance_score': '0.166667'}, {'topic': 'Economy - Monetary', 'relevance_score': '0.451494'}, {'topic': 'Retail & Wholesale', 'relevance_score': '0.166667'}, {'topic': 'Financial Markets', 'relevance_score': '0.214378'}, {'topic': 'Manufacturing', 'relevance_score': '0.166667'}]",0.022097,Neutral,"[{'ticker': 'CSCO', 'relevance_score': '0.155451', 'ticker_sentiment_score': '-0.101048', 'ticker_sentiment_label': 'Neutral'}, {'ticker': 'CVX', 'relevance_score': '0.231332', 'ticker_sentiment_score': '0.137794', 'ticker_sentiment_label': 'Neutral'}, {'ticker': 'MDNDF', 'relevance_score': '0.078099', 'ticker_sentiment_score': '0.259713', 'ticker_sentiment_label': 'Somewhat-Bullish'}, {'ticker': 'VZ', 'relevance_score': '0.155451', 'ticker_sentiment_score': '-0.101048', 'ticker_sentiment_label': 'Neutral'}, {'ticker': 'AMGN', 'relevance_score': '0.155451', 'ticker_sentiment_score': '0.281588', 'ticker_sentiment_label': 'Somewhat-Bullish'}, {'ticker': 'MSFT', 'relevance_score': '0.155451', 'ticker_sentiment_score': '-0.101048', 'ticker_sentiment_label': 'Neutral'}, {'ticker': 'ORLY', 'relevance_score': '0.155451', 'ticker_sentiment_score': '0.055565', 'ticker_sentiment_label': 'Neutral'}, {'ticker': 'LLY', 'relevance_score': '0.155451', 'ticker_sentiment_score': '-0.075037', 'ticker_sentiment_label': 'Neutral'}, {'ticker': 'NFLX', 'relevance_score': '0.155451', 'ticker_sentiment_score': '-0.12321', 'ticker_sentiment_label': 'Neutral'}, {'ticker': 'PYPL', 'relevance_score': '0.155451', 'ticker_sentiment_score': '-0.12321', 'ticker_sentiment_label': 'Neutral'}, {'ticker': 'HUM', 'relevance_score': '0.155451', 'ticker_sentiment_score': '-0.075037', 'ticker_sentiment_label': 'Neutral'}, {'ticker': 'META', 'relevance_score': '0.155451', 'ticker_sentiment_score': '-0.12321', 'ticker_sentiment_label': 'Neutral'}, {'ticker': 'NVDA', 'relevance_score': '0.155451', 'ticker_sentiment_score': '-0.12321', 'ticker_sentiment_label': 'Neutral'}, {'ticker': 'NOC', 'relevance_score': '0.155451', 'ticker_sentiment_score': '0.055565', 'ticker_sentiment_label': 'Neutral'}, {'ticker': 'CI', 'relevance_score': '0.155451', 'ticker_sentiment_score': '-0.075037', 'ticker_sentiment_label': 'Neutral'}, {'ticker': 'NKE', 'relevance_score': '0.155451', 'ticker_sentiment_score': '-0.101048', 'ticker_sentiment_label': 'Neutral'}, {'ticker': 'JENGQ', 'relevance_score': '0.078099', 'ticker_sentiment_score': '0.259713', 'ticker_sentiment_label': 'Somewhat-Bullish'}, {'ticker': 'HSY', 'relevance_score': '0.231332', 'ticker_sentiment_score': '0.300045', 'ticker_sentiment_label': 'Somewhat-Bullish'}, {'ticker': 'GIS', 'relevance_score': '0.155451', 'ticker_sentiment_score': '0.33022', 'ticker_sentiment_label': 'Somewhat-Bullish'}, {'ticker': 'LMT', 'relevance_score': '0.155451', 'ticker_sentiment_score': '0.055565', 'ticker_sentiment_label': 'Neutral'}, {'ticker': 'AZO', 'relevance_score': '0.155451', 'ticker_sentiment_score': '0.055565', 'ticker_sentiment_label': 'Neutral'}, {'ticker': 'INTC', 'relevance_score': '0.155451', 'ticker_sentiment_score': '-0.101048', 'ticker_sentiment_label': 'Neutral'}, {'ticker': 'XOM', 'relevance_score': '0.155451', 'ticker_sentiment_score': '-0.075037', 'ticker_sentiment_label': 'Neutral'}, {'ticker': 'PGR', 'relevance_score': '0.155451', 'ticker_sentiment_score': '0.055565', 'ticker_sentiment_label': 'Neutral'}, {'ticker': 'HD', 'relevance_score': '0.155451', 'ticker_sentiment_score': '-0.101048', 'ticker_sentiment_label': 'Neutral'}, {'ticker': 'MET', 'relevance_score': '0.155451', 'ticker_sentiment_score': '0.055565', 'ticker_sentiment_label': 'Neutral'}, {'ticker': 'BA', 'relevance_score': '0.155451', 'ticker_sentiment_score': '-0.101048', 'ticker_sentiment_label': 'Neutral'}]"
Stocks Fall Ahead Of Fed Meeting; 6 Top Stocks To Watch,https://www.investors.com/market-trend/stock-market-today/dow-jones-futures-fall-ahead-of-fed-meeting-6-top-stocks-to-buy-and-watch/,20221031T140240,"['SCOTT LEHTONEN', ""Investor's Business Daily""]",Stocks Fall Ahead Of Fed Meeting. 6 Top Stocks To Watch Investor's Business Daily ...,https://www.investors.com/wp-content/uploads/2019/10/stock-wall-street-flags-adobe.jpg,Investors Business Daily,n/a,www.investors.com,"[{'topic': 'Life Sciences', 'relevance_score': '0.2'}, {'topic': 'Technology', 'relevance_score': '0.2'}, {'topic': 'Finance', 'relevance_score': '0.2'}, {'topic': 'Economy - Monetary', 'relevance_score': '0.451494'}, {'topic': 'Retail & Wholesale', 'relevance_score': '0.2'}, {'topic': 'Financial Markets', 'relevance_score': '1.0'}, {'topic': 'Manufacturing', 'relevance_score': '0.2'}, {'topic': 'Earnings', 'relevance_score': '0.838487'}]",0.132482,Neutral,"[{'ticker': 'MSFT', 'relevance_score': '0.140076', 'ticker_sentiment_score': '-0.069941', 'ticker_sentiment_label': 'Neutral'}, {'ticker': 'AAPL', 'relevance_score': '0.140076', 'ticker_sentiment_score': '-0.01515', 'ticker_sentiment_label': 'Neutral'}, {'ticker': 'ANET', 'relevance_score': '0.07031', 'ticker_sentiment_score': '0.0', 'ticker_sentiment_label': 'Neutral'}, {'ticker': 'PSTG', 'relevance_score': '0.140076', 'ticker_sentiment_score': '0.099997', 'ticker_sentiment_label': 'Neutral'}, {'ticker': 'TSLA', 'relevance_score': '0.105295', 'ticker_sentiment_score': '-0.075327', 'ticker_sentiment_label': 'Neutral'}, {'ticker': 'AMD', 'relevance_score': '0.07031', 'ticker_sentiment_score': '0.0', 'ticker_sentiment_label': 'Neutral'}, {'ticker': 'LLY', 'relevance_score': '0.174587', 'ticker_sentiment_score': '0.078086', 'ticker_sentiment_label': 'Neutral'}, {'ticker': 'CAH', 'relevance_score': '0.140076', 'ticker_sentiment_score': '0.093952', 'ticker_sentiment_label': 'Neutral'}, {'ticker': 'IVZ', 'relevance_score': '0.035189', 'ticker_sentiment_score': '0.010844', 'ticker_sentiment_label': 'Neutral'}, {'ticker': 'TXRH', 'relevance_score': '0.174587', 'ticker_sentiment_score': '0.012976', 'ticker_sentiment_label': 'Neutral'}, {'ticker': 'PFE', 'relevance_score': '0.07031', 'ticker_sentiment_score': '0.0', 'ticker_sentiment_label': 'Neutral'}, {'ticker': 'UNH', 'relevance_score': '0.174587', 'ticker_sentiment_score': '0.114773', 'ticker_sentiment_label': 'Neutral'}]"
"Are Beaten-Down Tech Stocks A Buy? What To Watch In Apple, Microsoft, Intel, Amazon, Nvidia",https://www.investors.com/how-to-invest/investors-corner/tech-stocks-a-buy-what-to-watch-in-apple-microsoft-intel-amazon-nvidia/,20221031T164029,"['VIDYA RAMAKRISHNAN', ""Investor's Business Daily""]","Stock prices are forward looking. That means their current prices anticipate future earnings and events. So even if the worst is not over yet for tech earnings, tech stocks may start anticipating a turnaround. Though there is no way of knowing when that will happen, there are some ways of making ...",https://www.investors.com/wp-content/uploads/2019/11/stock-Microchip-Tech-auto-10-company.jpg,Investors Business Daily,n/a,www.investors.com,"[{'topic': 'Retail & Wholesale', 'relevance_score': '0.333333'}, {'topic': 'Financial Markets', 'relevance_score': '1.0'}, {'topic': 'Manufacturing', 'relevance_score': '0.333333'}, {'topic': 'Earnings', 'relevance_score': '0.998645'}, {'topic': 'Technology', 'relevance_score': '0.333333'}]",0.101428,Neutral,"[{'ticker': 'MSFT', 'relevance_score': '0.139804', 'ticker_sentiment_score': '0.05088', 'ticker_sentiment_label': 'Neutral'}, {'ticker': 'GOOG', 'relevance_score': '0.046816', 'ticker_sentiment_score': '0.008003', 'ticker_sentiment_label': 'Neutral'}, {'ticker': 'NVDA', 'relevance_score': '0.09347', 'ticker_sentiment_score': '0.016955', 'ticker_sentiment_label': 'Neutral'}, {'ticker': 'AAPL', 'relevance_score': '0.139804', 'ticker_sentiment_score': '0.007864', 'ticker_sentiment_label': 'Neutral'}, {'ticker': 'ANET', 'relevance_score': '0.09347', 'ticker_sentiment_score': '0.010649', 'ticker_sentiment_label': 'Neutral'}, {'ticker': 'TSLA', 'relevance_score': '0.046816', 'ticker_sentiment_score': '0.242581', 'ticker_sentiment_label': 'Somewhat-Bullish'}, {'ticker': 'INTC', 'relevance_score': '0.139804', 'ticker_sentiment_score': '0.084133', 'ticker_sentiment_label': 'Neutral'}, {'ticker': 'AMZN', 'relevance_score': '0.139804', 'ticker_sentiment_score': '-0.00396', 'ticker_sentiment_label': 'Neutral'}]"
Datadog  ( DDOG )  to Report Q3 Earnings: What's in the Cards?,https://www.zacks.com/stock/news/2011313/datadog-ddog-to-report-q3-earnings-whats-in-the-cards,20221031T170000,['Zacks Investment Research'],Datadog's (DDOG) Q3 results are likely to reflect increased adoption of its cloud-based monitoring and strong tie-ups with Amazon and ...,https://staticx-tuner.zacks.com/images/articles/main/5a/30540.jpg,Zacks Commentary,n/a,www.zacks.com,"[{'topic': 'Earnings', 'relevance_score': '0.998287'}, {'topic': 'Real Estate & Construction', 'relevance_score': '0.333333'}, {'topic': 'Technology', 'relevance_score': '0.333333'}, {'topic': 'Finance', 'relevance_score': '0.333333'}]",0.124995,Neutral,"[{'ticker': 'MSFT', 'relevance_score': '0.134968', 'ticker_sentiment_score': '0.055393', 'ticker_sentiment_label': 'Neutral'}, {'ticker': 'DDOG', 'relevance_score': '0.503424', 'ticker_sentiment_score': '0.242305', 'ticker_sentiment_label': 'Somewhat-Bullish'}, {'ticker': 'APG', 'relevance_score': '0.201244', 'ticker_sentiment_score': '0.215543', 'ticker_sentiment_label': 'Somewhat-Bullish'}, {'ticker': 'UPST', 'relevance_score': '0.201244', 'ticker_sentiment_score': '-0.117489', 'ticker_sentiment_label': 'Neutral'}, {'ticker': 'TME', 'relevance_score': '0.201244', 'ticker_sentiment_score': '-0.120823', 'ticker_sentiment_label': 'Neutral'}, {'ticker': 'TCTZF', 'relevance_score': '0.067727', 'ticker_sentiment_score': '-0.075664', 'ticker_sentiment_label': 'Neutral'}, {'ticker': 'ZI', 'relevance_score': '0.134968', 'ticker_sentiment_score': '-0.024909', 'ticker_sentiment_label': 'Neutral'}]"
"Top Stock Picks for Week of October 31, 2022",https://www.zacks.com/stock/news/2011344/top-stock-picks-for-week-of-october-31-2022,20221031T201500,['Zacks Investment Research'],A Good Stock for Trend Investing and One Well Positioned for Price Appreciation.,https://play.google.com/intl/en_us/badges/images/generic/en_badge_web_generic.png,Zacks Commentary,n/a,www.zacks.com,"[{'topic': 'Technology', 'relevance_score': '0.5'}, {'topic': 'Finance', 'relevance_score': '0.5'}, {'topic': 'Financial Markets', 'relevance_score': '0.214378'}]",0.229586,Somewhat-Bullish,"[{'ticker': 'MSFT', 'relevance_score': '0.131643', 'ticker_sentiment_score': '0.124105', 'ticker_sentiment_label': 'Neutral'}, {'ticker': 'GOOG', 'relevance_score': '0.131643', 'ticker_sentiment_score': '0.191973', 'ticker_sentiment_label': 'Somewhat-Bullish'}, {'ticker': 'MORN', 'relevance_score': '0.131643', 'ticker_sentiment_score': '0.124105', 'ticker_sentiment_label': 'Neutral'}]"
U.S. Department of Homeland Security Selects ICF for $340 Million Digital Modernization IDIQ,https://www.prnewswire.com/news-releases/us-department-of-homeland-security-selects-icf-for-340-million-digital-modernization-idiq-301663545.html,20221031T200500,['ICF'],"FAIRFAX, Va., Oct. 31, 2022 /PRNewswire/ -- The U.S.",https://mma.prnewswire.com/media/613465/ICF_COLOR_Logo.jpg?p=facebook,PR Newswire,n/a,www.prnewswire.com,"[{'topic': 'Technology', 'relevance_score': '1.0'}, {'topic': 'Financial Markets', 'relevance_score': '0.310843'}]",0.27453,Somewhat-Bullish,"[{'ticker': 'MSFT', 'relevance_score': '0.128135', 'ticker_sentiment_score': '0.407723', 'ticker_sentiment_label': 'Bullish'}, {'ticker': 'NOW', 'relevance_score': '0.064276', 'ticker_sentiment_score': '0.350315', 'ticker_sentiment_label': 'Bullish'}]"
'Don't end up in a lopsided portfolio.' Here's what advisors say to do if you're worried about tech exposure,https://www.cnbc.com/2022/10/31/what-to-do-if-youre-worried-about-tech-exposure-in-your-portfolio.html,20221031T183012,['Lorie Konish'],"Big companies stocks slid after last week's earnings reports, and experts say it's an opportunity to better diversify your investments.",https://image.cnbcfm.com/api/v1/image/107143281-16672236361667223633-26312826404-1080pnbcnews.jpg?v=1667227806&w=750&h=422&vtcrop=y,CNBC,Top News,www.cnbc.com,"[{'topic': 'Economy - Monetary', 'relevance_score': '0.158519'}, {'topic': 'Financial Markets', 'relevance_score': '0.962106'}, {'topic': 'Earnings', 'relevance_score': '0.682689'}, {'topic': 'Technology', 'relevance_score': '1.0'}]",0.198045,Somewhat-Bullish,"[{'ticker': 'MSFT', 'relevance_score': '0.124809', 'ticker_sentiment_score': '0.148858', 'ticker_sentiment_label': 'Neutral'}, {'ticker': 'GOOG', 'relevance_score': '0.062597', 'ticker_sentiment_score': '0.171138', 'ticker_sentiment_label': 'Somewhat-Bullish'}, {'ticker': 'META', 'relevance_score': '0.062597', 'ticker_sentiment_score': '0.171138', 'ticker_sentiment_label': 'Somewhat-Bullish'}]"
"'Hold your nose and sell' to brace for a possible market downturn, Jim Cramer says",https://www.cnbc.com/2022/10/31/hold-your-nose-and-sell-to-brace-for-a-possible-market-downturn-jim-cramer-says.html,20221031T230117,['Krystal Hur'],"The S&P 500 Short Range Oscillator is over 8%, which means the market is incredibly overbought and due for a pullback, according to Cramer.",https://image.cnbcfm.com/api/v1/image/107143665-16672571222ED2-MM-Block-A-short-103122.jpg?v=1667257135&w=750&h=422&vtcrop=y,CNBC,Business,www.cnbc.com,"[{'topic': 'Financial Markets', 'relevance_score': '0.310843'}, {'topic': 'Manufacturing', 'relevance_score': '0.5'}, {'topic': 'Earnings', 'relevance_score': '0.158519'}, {'topic': 'Technology', 'relevance_score': '0.5'}]",0.004826,Neutral,"[{'ticker': 'MSFT', 'relevance_score': '0.120431', 'ticker_sentiment_score': '-0.098129', 'ticker_sentiment_label': 'Neutral'}, {'ticker': 'META', 'relevance_score': '0.238133', 'ticker_sentiment_score': '-0.156571', 'ticker_sentiment_label': 'Somewhat-Bearish'}, {'ticker': 'TSLA', 'relevance_score': '0.120431', 'ticker_sentiment_score': '-0.098129', 'ticker_sentiment_label': 'Neutral'}]"
"GameStop, AMC: Meme Stock Frenzy Is Back",https://www.thestreet.com/investing/gamestop-amc-meme-stock-frenzy-is-back,20221031T190900,['Ellen Chang'],Reddit traders seem to be pushing these outdated business model companies again.,https://www.thestreet.com/.image/ar_16:9%2Cc_fill%2Ccs_srgb%2Cfl_progressive%2Cg_faces:center%2Cq_auto:good%2Cw_620/MTkwMzM5MzY5NjAzNzY5NjA0/21-ranger-ford-my22-splash_forestedition.jpg,The Street,n/a,www.thestreet.com,"[{'topic': 'Retail & Wholesale', 'relevance_score': '0.5'}, {'topic': 'Financial Markets', 'relevance_score': '0.999976'}, {'topic': 'Earnings', 'relevance_score': '0.576289'}, {'topic': 'Technology', 'relevance_score': '0.5'}]",0.024444,Neutral,"[{'ticker': 'MSFT', 'relevance_score': '0.111747', 'ticker_sentiment_score': '-0.174059', 'ticker_sentiment_label': 'Somewhat-Bearish'}, {'ticker': 'META', 'relevance_score': '0.111747', 'ticker_sentiment_score': '-0.174059', 'ticker_sentiment_label': 'Somewhat-Bearish'}, {'ticker': 'AAPL', 'relevance_score': '0.111747', 'ticker_sentiment_score': '-0.174059', 'ticker_sentiment_label': 'Somewhat-Bearish'}, {'ticker': 'APE', 'relevance_score': '0.056011', 'ticker_sentiment_score': '-0.050049', 'ticker_sentiment_label': 'Neutral'}, {'ticker': 'BBBY', 'relevance_score': '0.326643', 'ticker_sentiment_score': '0.109621', 'ticker_sentiment_label': 'Neutral'}, {'ticker': 'AMZN', 'relevance_score': '0.111747', 'ticker_sentiment_score': '-0.174059', 'ticker_sentiment_label': 'Somewhat-Bearish'}, {'ticker': 'GME', 'relevance_score': '0.51768', 'ticker_sentiment_score': '0.036805', 'ticker_sentiment_label': 'Neutral'}]"
Apple stock dips amid questions about iPhone production disruptions at Foxconn,https://www.marketwatch.com/story/apple-stock-dips-amid-questions-about-iphone-production-disruptions-at-foxconn-11667236849,20221031T162000,['Emily Bary'],"Apple Inc. continues to be dogged by concerns about the pandemic's impact on production after recent reports that COVID-19 restrictions in China were affecting Foxconn, which manufactures iPhones.",https://images.mktw.net/im-655341/social,MarketWatch,Top Stories,www.marketwatch.com,"[{'topic': 'Technology', 'relevance_score': '1.0'}, {'topic': 'Financial Markets', 'relevance_score': '0.108179'}]",-0.107813,Neutral,"[{'ticker': 'MSFT', 'relevance_score': '0.105604', 'ticker_sentiment_score': '-0.030177', 'ticker_sentiment_label': 'Neutral'}, {'ticker': 'AAPL', 'relevance_score': '0.815635', 'ticker_sentiment_score': '-0.178226', 'ticker_sentiment_label': 'Somewhat-Bearish'}, {'ticker': 'HNHPF', 'relevance_score': '0.105604', 'ticker_sentiment_score': '-0.052773', 'ticker_sentiment_label': 'Neutral'}]"
"Stock Market News for Oct 31, 2022",https://www.zacks.com/stock/news/2011017/stock-market-news-for-oct-31-2022,20221031T133100,['Zacks Investment Research'],Wall Street closed sharply higher on Friday after economic data hinted at slowing inflation and impressive earnings reports from a batch of companies gave investors' confidence a boost ahead of next week's two-day policy meeting of the Fed.,https://staticx-tuner.zacks.com/images/articles/main/8a/62.jpg,Zacks Commentary,n/a,www.zacks.com,"[{'topic': 'Economy - Monetary', 'relevance_score': '0.682689'}, {'topic': 'Economy - Fiscal', 'relevance_score': '0.310843'}, {'topic': 'Financial Markets', 'relevance_score': '0.158519'}, {'topic': 'Earnings', 'relevance_score': '0.769861'}, {'topic': 'Energy & Transportation', 'relevance_score': '0.5'}, {'topic': 'Technology', 'relevance_score': '0.5'}]",0.204483,Somewhat-Bullish,"[{'ticker': 'MSFT', 'relevance_score': '0.105141', 'ticker_sentiment_score': '0.038733', 'ticker_sentiment_label': 'Neutral'}, {'ticker': 'META', 'relevance_score': '0.105141', 'ticker_sentiment_score': '0.038733', 'ticker_sentiment_label': 'Neutral'}, {'ticker': 'AAPL', 'relevance_score': '0.105141', 'ticker_sentiment_score': '0.038733', 'ticker_sentiment_label': 'Neutral'}, {'ticker': 'CVX', 'relevance_score': '0.208464', 'ticker_sentiment_score': '0.197027', 'ticker_sentiment_label': 'Somewhat-Bullish'}, {'ticker': 'XOM', 'relevance_score': '0.157141', 'ticker_sentiment_score': '0.211832', 'ticker_sentiment_label': 'Somewhat-Bullish'}]"
Apple's Big Problem Gets Bigger,https://www.thestreet.com/technology/apples-big-problem-gets-bigger,20221031T183700,['Luc Olinga'],"The iPhone maker has no demand problems for its main products, but another danger lurks.",https://www.thestreet.com/.image/ar_16:9%2Cc_fill%2Ccs_srgb%2Cfl_progressive%2Cg_faces:center%2Cq_auto:good%2Cw_620/MTkwMzM5MzY5NjAzNzY5NjA0/21-ranger-ford-my22-splash_forestedition.jpg,The Street,n/a,www.thestreet.com,"[{'topic': 'Economy - Monetary', 'relevance_score': '0.576289'}, {'topic': 'Retail & Wholesale', 'relevance_score': '0.5'}, {'topic': 'Earnings', 'relevance_score': '0.576289'}, {'topic': 'Technology', 'relevance_score': '0.5'}]",-0.079515,Neutral,"[{'ticker': 'MSFT', 'relevance_score': '0.103778', 'ticker_sentiment_score': '0.008996', 'ticker_sentiment_label': 'Neutral'}, {'ticker': 'META', 'relevance_score': '0.103778', 'ticker_sentiment_score': '0.008996', 'ticker_sentiment_label': 'Neutral'}, {'ticker': 'AAPL', 'relevance_score': '0.442767', 'ticker_sentiment_score': '-0.150225', 'ticker_sentiment_label': 'Somewhat-Bearish'}, {'ticker': 'AMZN', 'relevance_score': '0.103778', 'ticker_sentiment_score': '0.008996', 'ticker_sentiment_label': 'Neutral'}]"
Wynn Resorts Stock Surges As Houston Rockets Owner Tilman Fertitta Unveils Stake,https://www.thestreet.com/markets/wynn-stock-surges-as-houston-rockets-owner-fertitta-unveils-stake,20221031T124000,['Martin Baccardax'],"Houston Rockets owner Tilman Fertitta, who also controls a gaming and restaurant empire, has built a 6.1% stake in Wynn Resorts, according to SEC filings.",https://www.thestreet.com/.image/ar_16:9%2Cc_fill%2Ccs_srgb%2Cfl_progressive%2Cg_faces:center%2Cq_auto:good%2Cw_620/MTY4NTE2OTE1NjUxODE1MTkx/what-new-investors-should-be-thinking-about-during-jerome-powells-speech.jpg,The Street,n/a,www.thestreet.com,"[{'topic': 'Real Estate & Construction', 'relevance_score': '0.5'}, {'topic': 'Technology', 'relevance_score': '0.5'}, {'topic': 'Financial Markets', 'relevance_score': '0.918141'}]",0.126513,Neutral,"[{'ticker': 'MSFT', 'relevance_score': '0.09989', 'ticker_sentiment_score': '-0.063611', 'ticker_sentiment_label': 'Neutral'}, {'ticker': 'RSTGF', 'relevance_score': '0.09989', 'ticker_sentiment_score': '0.129779', 'ticker_sentiment_label': 'Neutral'}, {'ticker': 'WYNN', 'relevance_score': '0.293506', 'ticker_sentiment_score': '0.169759', 'ticker_sentiment_label': 'Somewhat-Bullish'}]"
Meta Platforms Is Blowing Through Billions Of Dollars In Free Cash Flow. Will Mark's Metaverse Bet Pay Off?,https://www.forbes.com/sites/greatspeculations/2022/10/31/meta-platforms-is-blowing-through-billions-of-dollars-in-free-cash-flow-will-marks-metaverse-bet-pay-off/,20221031T175429,['Frank Holmes'],Modern history is full of inventions and technologies that failed not because they were inherently flawed but because they hit the market several years too early.,https://imageio.forbes.com/specials-images/imageserve/63600b01295903240c876e36/0x0.jpg?format=jpg&width=1200,Forbes,Markets,www.forbes.com,"[{'topic': 'Financial Markets', 'relevance_score': '0.365926'}, {'topic': 'Earnings', 'relevance_score': '0.495866'}, {'topic': 'Mergers & Acquisitions', 'relevance_score': '0.158519'}, {'topic': 'Technology', 'relevance_score': '1.0'}, {'topic': 'Blockchain', 'relevance_score': '0.158519'}]",0.099976,Neutral,"[{'ticker': 'MSFT', 'relevance_score': '0.083687', 'ticker_sentiment_score': '0.007341', 'ticker_sentiment_label': 'Neutral'}, {'ticker': 'META', 'relevance_score': '0.083687', 'ticker_sentiment_score': '0.142444', 'ticker_sentiment_label': 'Neutral'}, {'ticker': 'CRYPTO:BTC', 'relevance_score': '0.041901', 'ticker_sentiment_score': '-0.033658', 'ticker_sentiment_label': 'Neutral'}]"
US Stock: Market to remain focussed on Fed's November rate hike | The Financial Express,https://www.financialexpress.com/investing-abroad/featured-stories/us-stock-market-to-remain-focussed-on-feds-november-rate-hike/2760241/,20221031T150100,[],US Stock: Market to remain focussed on Fed's November rate hike The Financial Express ...,https://www.financialexpress.com/wp-content/uploads/2022/10/6-14.jpg,The Financial Express,MarketsGoogleRSS,www.financialexpress.com,"[{'topic': 'Economy - Monetary', 'relevance_score': '0.9545'}, {'topic': 'Financial Markets', 'relevance_score': '0.955357'}, {'topic': 'Earnings', 'relevance_score': '0.451494'}, {'topic': 'Technology', 'relevance_score': '1.0'}]",-0.094271,Neutral,"[{'ticker': 'MSFT', 'relevance_score': '0.082393', 'ticker_sentiment_score': '0.053127', 'ticker_sentiment_label': 'Neutral'}, {'ticker': 'GOOG', 'relevance_score': '0.163909', 'ticker_sentiment_score': '0.071948', 'ticker_sentiment_label': 'Neutral'}]"
"US active jobs index dips 14% in October 2022, says GlobalData | The Financial Express",https://www.financialexpress.com/investing-abroad/featured-stories/us-active-jobs-index-dips-14-in-october-2022-says-globaldata/2760229/,20221031T140100,[],"US active jobs index dips 14% in October 2022, says GlobalData The Financial Express ...",https://www.financialexpress.com/wp-content/uploads/2022/10/18-9.jpg,The Financial Express,MoneyGoogleRSS,www.financialexpress.com,"[{'topic': 'Economy - Monetary', 'relevance_score': '0.158519'}, {'topic': 'Retail & Wholesale', 'relevance_score': '0.333333'}, {'topic': 'Financial Markets', 'relevance_score': '0.650727'}, {'topic': 'Technology', 'relevance_score': '0.333333'}, {'topic': 'Finance', 'relevance_score': '0.333333'}]",-0.064975,Neutral,"[{'ticker': 'MSFT', 'relevance_score': '0.080728', 'ticker_sentiment_score': '-0.079589', 'ticker_sentiment_label': 'Neutral'}, {'ticker': 'Z', 'relevance_score': '0.080728', 'ticker_sentiment_score': '-0.079589', 'ticker_sentiment_label': 'Neutral'}, {'ticker': 'SCBFF', 'relevance_score': '0.080728', 'ticker_sentiment_score': '-0.025765', 'ticker_sentiment_label': 'Neutral'}, {'ticker': 'U', 'relevance_score': '0.080728', 'ticker_sentiment_score': '-0.025765', 'ticker_sentiment_label': 'Neutral'}, {'ticker': 'UNH', 'relevance_score': '0.160633', 'ticker_sentiment_score': '-0.034289', 'ticker_sentiment_label': 'Neutral'}, {'ticker': 'WMT', 'relevance_score': '0.080728', 'ticker_sentiment_score': '-0.025765', 'ticker_sentiment_label': 'Neutral'}]"
Phocas outperforms on annual survey and gains confidence in portfolio expansion,https://www.benzinga.com/pressreleases/22/10/g29484693/phocas-outperforms-on-annual-survey-and-gains-confidence-in-portfolio-expansion,20221031T170142,['Globe Newswire'],"SYDNEY, Australia, Oct. 31, 2022 ( GLOBE NEWSWIRE ) -- The voice of the BI and analytics community has officially spoken with today's release of The BI & Analytics Survey 23 by software selection and strategy experts, BARC.",,Benzinga,General,www.benzinga.com,"[{'topic': 'Technology', 'relevance_score': '1.0'}]",0.233332,Somewhat-Bullish,"[{'ticker': 'MSFT', 'relevance_score': '0.079524', 'ticker_sentiment_score': '-0.001033', 'ticker_sentiment_label': 'Neutral'}, {'ticker': 'DOMO', 'relevance_score': '0.039811', 'ticker_sentiment_score': '-0.052701', 'ticker_sentiment_label': 'Neutral'}]"
3 Smart Ways To Play The 2023 Market Rally,https://www.forbes.com/sites/michaelfoster/2022/10/31/3-smart-ways-to-play-the-2023-market-rally/,20221031T210000,['Michael Foster'],Rarely do we get a buying opportunity in high-yielding closed-end funds (CEFs) like the one we have now.,https://imageio.forbes.com/specials-images/imageserve/635c08a4b9a5e06cfc046ff1/0x0.jpg?format=jpg&width=1200,Forbes,Markets,www.forbes.com,"[{'topic': 'Life Sciences', 'relevance_score': '0.25'}, {'topic': 'Retail & Wholesale', 'relevance_score': '0.25'}, {'topic': 'Financial Markets', 'relevance_score': '0.997405'}, {'topic': 'Earnings', 'relevance_score': '0.682689'}, {'topic': 'Technology', 'relevance_score': '0.25'}, {'topic': 'Finance', 'relevance_score': '0.25'}]",0.207068,Somewhat-Bullish,"[{'ticker': 'BLK', 'relevance_score': '0.038843', 'ticker_sentiment_score': '0.237299', 'ticker_sentiment_label': 'Somewhat-Bullish'}, {'ticker': 'MSFT', 'relevance_score': '0.077593', 'ticker_sentiment_score': '0.197093', 'ticker_sentiment_label': 'Somewhat-Bullish'}, {'ticker': 'AAPL', 'relevance_score': '0.077593', 'ticker_sentiment_score': '0.197093', 'ticker_sentiment_label': 'Somewhat-Bullish'}, {'ticker': 'MDNDF', 'relevance_score': '0.038843', 'ticker_sentiment_score': '0.330701', 'ticker_sentiment_label': 'Somewhat-Bullish'}, {'ticker': 'STRR', 'relevance_score': '0.038843', 'ticker_sentiment_score': '0.108386', 'ticker_sentiment_label': 'Neutral'}, {'ticker': 'V', 'relevance_score': '0.116161', 'ticker_sentiment_score': '0.203361', 'ticker_sentiment_label': 'Somewhat-Bullish'}, {'ticker': 'HD', 'relevance_score': '0.077593', 'ticker_sentiment_score': '0.341583', 'ticker_sentiment_label': 'Somewhat-Bullish'}, {'ticker': 'UNH', 'relevance_score': '0.077593', 'ticker_sentiment_score': '0.341583', 'ticker_sentiment_label': 'Somewhat-Bullish'}]"
Stock Market Trims Losses But Still Dips As Investors Await Fed Meeting; Chip Stocks Lead Declines,https://www.investors.com/market-trend/stock-market-today/stock-market-dips-as-investors-nervously-await-fed-meeting-this-week-chip-stocks-lead-declines/,20221031T190005,"['MICHAEL MOLINSKI', ""Investor's Business Daily""]",Stock Market Dips As Investors Nervously Await Fed Meeting This Week. Chip Stocks Lead Declines Investor's Business Daily ...,https://www.investors.com/wp-content/uploads/2021/11/Stock-ONSemiconductor-chip-company.jpg,Investors Business Daily,n/a,www.investors.com,"[{'topic': 'Life Sciences', 'relevance_score': '0.2'}, {'topic': 'Energy & Transportation', 'relevance_score': '0.2'}, {'topic': 'Technology', 'relevance_score': '0.2'}, {'topic': 'Finance', 'relevance_score': '0.2'}, {'topic': 'Economy - Monetary', 'relevance_score': '0.576289'}, {'topic': 'Financial Markets', 'relevance_score': '1.0'}, {'topic': 'Manufacturing', 'relevance_score': '0.2'}, {'topic': 'Earnings', 'relevance_score': '0.995015'}]",0.026742,Neutral,"[{'ticker': 'AAPL', 'relevance_score': '0.077094', 'ticker_sentiment_score': '-0.17858', 'ticker_sentiment_label': 'Somewhat-Bearish'}, {'ticker': 'ANET', 'relevance_score': '0.077094', 'ticker_sentiment_score': '0.254181', 'ticker_sentiment_label': 'Somewhat-Bullish'}, {'ticker': 'MS', 'relevance_score': '0.038592', 'ticker_sentiment_score': '0.073284', 'ticker_sentiment_label': 'Neutral'}, {'ticker': 'UNH', 'relevance_score': '0.077094', 'ticker_sentiment_score': '-0.112417', 'ticker_sentiment_label': 'Neutral'}, {'ticker': 'MSFT', 'relevance_score': '0.077094', 'ticker_sentiment_score': '-0.17858', 'ticker_sentiment_label': 'Somewhat-Bearish'}, {'ticker': 'PSTG', 'relevance_score': '0.077094', 'ticker_sentiment_score': '0.076425', 'ticker_sentiment_label': 'Neutral'}, {'ticker': 'LNTH', 'relevance_score': '0.077094', 'ticker_sentiment_score': '0.254181', 'ticker_sentiment_label': 'Somewhat-Bullish'}, {'ticker': 'PBF', 'relevance_score': '0.077094', 'ticker_sentiment_score': '0.05096', 'ticker_sentiment_label': 'Neutral'}, {'ticker': 'INTC', 'relevance_score': '0.15347', 'ticker_sentiment_score': '-0.100722', 'ticker_sentiment_label': 'Neutral'}, {'ticker': 'CAT', 'relevance_score': '0.115416', 'ticker_sentiment_score': '0.079831', 'ticker_sentiment_label': 'Neutral'}, {'ticker': 'AMD', 'relevance_score': '0.115416', 'ticker_sentiment_score': '0.01645', 'ticker_sentiment_label': 'Neutral'}, {'ticker': 'LPLA', 'relevance_score': '0.038592', 'ticker_sentiment_score': '0.056426', 'ticker_sentiment_label': 'Neutral'}, {'ticker': 'DVN', 'relevance_score': '0.077094', 'ticker_sentiment_score': '-0.006154', 'ticker_sentiment_label': 'Neutral'}, {'ticker': 'PCTY', 'relevance_score': '0.077094', 'ticker_sentiment_score': '0.254181', 'ticker_sentiment_label': 'Somewhat-Bullish'}, {'ticker': 'AXNX', 'relevance_score': '0.077094', 'ticker_sentiment_score': '0.05096', 'ticker_sentiment_label': 'Neutral'}, {'ticker': 'ESTE', 'relevance_score': '0.077094', 'ticker_sentiment_score': '0.05096', 'ticker_sentiment_label': 'Neutral'}, {'ticker': 'HWM', 'relevance_score': '0.077094', 'ticker_sentiment_score': '-0.081245', 'ticker_sentiment_label': 'Neutral'}, {'ticker': 'ON', 'relevance_score': '0.115416', 'ticker_sentiment_score': '0.055154', 'ticker_sentiment_label': 'Neutral'}]"
Stock Market Closes Lower As Investors Wait For Signs Fed May Start To Ease Rate Hikes,https://www.investors.com/market-trend/stock-market-today/stock-market-closes-lower-as-investors-await-fed-signs-easing/,20221031T200000,"[""Investor's Business Daily"", 'MICHAEL MOLINSKI']",Stock Market Trims Losses But Still Dips As Investors Await Fed Meeting. Chip Stocks Lead Declines Investor's Business Daily ...,https://www.investors.com/wp-content/uploads/2022/06/Stock-jeromepowell2022-02-gov.jpg,Investors Business Daily,n/a,www.investors.com,"[{'topic': 'Life Sciences', 'relevance_score': '0.2'}, {'topic': 'Energy & Transportation', 'relevance_score': '0.2'}, {'topic': 'Technology', 'relevance_score': '0.2'}, {'topic': 'Finance', 'relevance_score': '0.2'}, {'topic': 'Economy - Monetary', 'relevance_score': '0.682689'}, {'topic': 'Financial Markets', 'relevance_score': '0.999999'}, {'topic': 'Manufacturing', 'relevance_score': '0.2'}, {'topic': 'Earnings', 'relevance_score': '0.995015'}]",0.004874,Neutral,"[{'ticker': 'AAPL', 'relevance_score': '0.074576', 'ticker_sentiment_score': '-0.0343', 'ticker_sentiment_label': 'Neutral'}, {'ticker': 'ANET', 'relevance_score': '0.074576', 'ticker_sentiment_score': '0.253244', 'ticker_sentiment_label': 'Somewhat-Bullish'}, {'ticker': 'MS', 'relevance_score': '0.037329', 'ticker_sentiment_score': '0.073105', 'ticker_sentiment_label': 'Neutral'}, {'ticker': 'UNH', 'relevance_score': '0.074576', 'ticker_sentiment_score': '-0.112047', 'ticker_sentiment_label': 'Neutral'}, {'ticker': 'MSFT', 'relevance_score': '0.074576', 'ticker_sentiment_score': '-0.0343', 'ticker_sentiment_label': 'Neutral'}, {'ticker': 'PSTG', 'relevance_score': '0.074576', 'ticker_sentiment_score': '0.076019', 'ticker_sentiment_label': 'Neutral'}, {'ticker': 'LNTH', 'relevance_score': '0.074576', 'ticker_sentiment_score': '0.253244', 'ticker_sentiment_label': 'Somewhat-Bullish'}, {'ticker': 'PBF', 'relevance_score': '0.074576', 'ticker_sentiment_score': '0.050662', 'ticker_sentiment_label': 'Neutral'}, {'ticker': 'INTC', 'relevance_score': '0.148502', 'ticker_sentiment_score': '-0.097753', 'ticker_sentiment_label': 'Neutral'}, {'ticker': 'CAT', 'relevance_score': '0.11166', 'ticker_sentiment_score': '0.078764', 'ticker_sentiment_label': 'Neutral'}, {'ticker': 'AMD', 'relevance_score': '0.11166', 'ticker_sentiment_score': '0.023186', 'ticker_sentiment_label': 'Neutral'}, {'ticker': 'LPLA', 'relevance_score': '0.074576', 'ticker_sentiment_score': '-0.037093', 'ticker_sentiment_label': 'Neutral'}, {'ticker': 'DVN', 'relevance_score': '0.074576', 'ticker_sentiment_score': '-0.006125', 'ticker_sentiment_label': 'Neutral'}, {'ticker': 'PCTY', 'relevance_score': '0.074576', 'ticker_sentiment_score': '0.253244', 'ticker_sentiment_label': 'Somewhat-Bullish'}, {'ticker': 'AXNX', 'relevance_score': '0.074576', 'ticker_sentiment_score': '0.050662', 'ticker_sentiment_label': 'Neutral'}, {'ticker': 'ESTE', 'relevance_score': '0.074576', 'ticker_sentiment_score': '0.050662', 'ticker_sentiment_label': 'Neutral'}, {'ticker': 'HWM', 'relevance_score': '0.074576', 'ticker_sentiment_score': '-0.080696', 'ticker_sentiment_label': 'Neutral'}, {'ticker': 'ON', 'relevance_score': '0.074576', 'ticker_sentiment_score': '0.056977', 'ticker_sentiment_label': 'Neutral'}]"
Andreessen Horowitz 'Temporarily' Helping Elon Musk With Twitter,https://decrypt.co/113221/andreessen-horowitz-temporarily-helping-elon-musk-with-twitter,20221031T171557,['Decrypt / Kate Irwin'],Binance isn't the only pro-crypto company helping Musk improve Twitter-VC goliath a16z has joined the flock.,https://cdn.decrypt.co/resize/1024/height/512/wp-content/uploads/2021/09/tweet-gID_1.jpg,Decrypt.co,n/a,decrypt.co,"[{'topic': 'Technology', 'relevance_score': '1.0'}, {'topic': 'Blockchain', 'relevance_score': '0.769861'}]",0.218909,Somewhat-Bullish,"[{'ticker': 'MSFT', 'relevance_score': '0.073546', 'ticker_sentiment_score': '0.107104', 'ticker_sentiment_label': 'Neutral'}, {'ticker': 'META', 'relevance_score': '0.073546', 'ticker_sentiment_score': '0.107104', 'ticker_sentiment_label': 'Neutral'}, {'ticker': 'CRYPTO:BTC', 'relevance_score': '0.073546', 'ticker_sentiment_score': '-0.067815', 'ticker_sentiment_label': 'Neutral'}, {'ticker': 'CRYPTO:ETH', 'relevance_score': '0.073546', 'ticker_sentiment_score': '-0.067815', 'ticker_sentiment_label': 'Neutral'}]"
New Forrester study reveals businesses betting on collaboration for net-zero targets | The Financial Express,https://www.financialexpress.com/express-mobility/new-forrester-study-reveals-businesses-betting-on-collaboration-for-net-zero-targets/2760212/,20221031T123331,[],New Forrester study reveals businesses betting on collaboration for net-zero targets The Financial Express ...,https://www.financialexpress.com/wp-content/uploads/2022/10/new-forrester-study.jpg,The Financial Express,IndustryGoogleRSS,www.financialexpress.com,"[{'topic': 'Life Sciences', 'relevance_score': '0.333333'}, {'topic': 'Technology', 'relevance_score': '0.333333'}, {'topic': 'Manufacturing', 'relevance_score': '0.333333'}]",0.268786,Somewhat-Bullish,"[{'ticker': 'MSFT', 'relevance_score': '0.068698', 'ticker_sentiment_score': '0.217161', 'ticker_sentiment_label': 'Somewhat-Bullish'}, {'ticker': 'INFY', 'relevance_score': '0.068698', 'ticker_sentiment_score': '0.217161', 'ticker_sentiment_label': 'Somewhat-Bullish'}, {'ticker': 'PEP', 'relevance_score': '0.068698', 'ticker_sentiment_score': '0.217161', 'ticker_sentiment_label': 'Somewhat-Bullish'}, {'ticker': 'UL', 'relevance_score': '0.068698', 'ticker_sentiment_score': '0.217161', 'ticker_sentiment_label': 'Somewhat-Bullish'}]"
4 ETF Areas Up At Least 10% Last Week,https://www.zacks.com/stock/news/2011335/4-etf-areas-up-at-least-10-last-week,20221031T181000,['Zacks Investment Research'],"Carbon allowance, mortgage real estate, blockchain and dividend ETFs were winners last week.",https://staticx-tuner.zacks.com/images/default_article_images/default3.jpg,Zacks Commentary,n/a,www.zacks.com,"[{'topic': 'Life Sciences', 'relevance_score': '0.333333'}, {'topic': 'Technology', 'relevance_score': '0.333333'}, {'topic': 'Blockchain', 'relevance_score': '0.310843'}, {'topic': 'Economy - Monetary', 'relevance_score': '0.451494'}, {'topic': 'Financial Markets', 'relevance_score': '0.999986'}, {'topic': 'Earnings', 'relevance_score': '0.744043'}, {'topic': 'Real Estate & Construction', 'relevance_score': '0.333333'}]",0.091526,Neutral,"[{'ticker': 'MARA', 'relevance_score': '0.067158', 'ticker_sentiment_score': '-0.10608', 'ticker_sentiment_label': 'Neutral'}, {'ticker': 'MSFT', 'relevance_score': '0.067158', 'ticker_sentiment_score': '-0.08273', 'ticker_sentiment_label': 'Neutral'}, {'ticker': 'RIOT', 'relevance_score': '0.067158', 'ticker_sentiment_score': '-0.10608', 'ticker_sentiment_label': 'Neutral'}, {'ticker': 'CORZ', 'relevance_score': '0.067158', 'ticker_sentiment_score': '-0.10608', 'ticker_sentiment_label': 'Neutral'}, {'ticker': 'FOREX:USD', 'relevance_score': '0.067158', 'ticker_sentiment_score': '-0.10608', 'ticker_sentiment_label': 'Neutral'}, {'ticker': 'CRYPTO:BTC', 'relevance_score': '0.133841', 'ticker_sentiment_score': '-0.099208', 'ticker_sentiment_label': 'Neutral'}]"
Zadara and KINX Enter into Strategic Partnership to Power Korean Multi-Cloud Environments,https://www.benzinga.com/pressreleases/22/10/g29479031/zadara-and-kinx-enter-into-strategic-partnership-to-power-korean-multi-cloud-environments,20221031T130100,['Globe Newswire'],"Irvine, Calif., Oct. 31, 2022 ( GLOBE NEWSWIRE ) -- Zadara, a recognized leader in edge cloud services, today announced that it has entered into a strategic partnership with KINX Inc., an internet infrastructure service company, to provide its zStorage, storage-as-a-service, to the Korean market ...",,Benzinga,General,www.benzinga.com,"[{'topic': 'Technology', 'relevance_score': '1.0'}]",0.199471,Somewhat-Bullish,"[{'ticker': 'MSFT', 'relevance_score': '0.066047', 'ticker_sentiment_score': '0.08626', 'ticker_sentiment_label': 'Neutral'}, {'ticker': 'SSNLF', 'relevance_score': '0.066047', 'ticker_sentiment_score': '0.08626', 'ticker_sentiment_label': 'Neutral'}, {'ticker': 'NHNCF', 'relevance_score': '0.066047', 'ticker_sentiment_score': '0.08626', 'ticker_sentiment_label': 'Neutral'}]"
Human Resources Manager,https://charlotte.axios.com/312135/human-resources-manager-myers-park-presbyterian-church/,20221031T140345,[],"Administers policy and human resources activities, such as staffing, recruiting, onboarding, compensation, employee relations, benefits, training, and employee services.",https://charlotte.axios.com/wp-content/uploads/2020/08/charlotte-cover-photo.jpg,Axios,Business,charlotte.axios.com,"[{'topic': 'Technology', 'relevance_score': '1.0'}]",0.324035,Somewhat-Bullish,"[{'ticker': 'MSFT', 'relevance_score': '0.062761', 'ticker_sentiment_score': '0.117057', 'ticker_sentiment_label': 'Neutral'}]"
Dominion DMS announces integration with ScanIt Parts,https://www.prnewswire.com/news-releases/dominion-dms-announces-integration-with-scanit-parts-301663510.html,20221031T153300,['Dominion DMS'],"BOCA RATON, Fla., Oct. 31, 2022 /PRNewswire/ -- Dominion DMS announces a certified SecureVUE integration between VUE DMS and ScanIt Parts.",https://mma.prnewswire.com/media/1930538/DominionDMS_Logo.jpg?p=facebook,PR Newswire,n/a,www.prnewswire.com,"[{'topic': 'Technology', 'relevance_score': '1.0'}]",0.389158,Bullish,"[{'ticker': 'MSFT', 'relevance_score': '0.059636', 'ticker_sentiment_score': '0.131039', 'ticker_sentiment_label': 'Neutral'}, {'ticker': 'FUJHF', 'relevance_score': '0.059636', 'ticker_sentiment_score': '0.144004', 'ticker_sentiment_label': 'Neutral'}]"
"Stocks making the biggest moves midday: Wynn Resorts, TuSimple, Newell Brands, First Solar and more",https://www.cnbc.com/2022/10/31/stocks-making-the-biggest-moves-midday-wynn-resorts-tusimple-newell-brands-first-solar-and-more.html,20221031T164449,['Carmen Reinicke'],These are the stocks posting the largest moves in midday trading.,https://image.cnbcfm.com/api/v1/image/107138197-1666284321058-gettyimages-1244102711-AFP_32LT47F.jpeg?v=1667235224&w=1920&h=1080,CNBC,Business,www.cnbc.com,"[{'topic': 'Life Sciences', 'relevance_score': '0.142857'}, {'topic': 'Energy & Transportation', 'relevance_score': '0.142857'}, {'topic': 'Technology', 'relevance_score': '0.142857'}, {'topic': 'Finance', 'relevance_score': '0.142857'}, {'topic': 'Retail & Wholesale', 'relevance_score': '0.142857'}, {'topic': 'Financial Markets', 'relevance_score': '0.999701'}, {'topic': 'Manufacturing', 'relevance_score': '0.142857'}, {'topic': 'Earnings', 'relevance_score': '0.997874'}, {'topic': 'Real Estate & Construction', 'relevance_score': '0.142857'}]",0.055578,Neutral,"[{'ticker': 'META', 'relevance_score': '0.113329', 'ticker_sentiment_score': '-0.093491', 'ticker_sentiment_label': 'Neutral'}, {'ticker': 'NWL', 'relevance_score': '0.113329', 'ticker_sentiment_score': '0.065139', 'ticker_sentiment_label': 'Neutral'}, {'ticker': 'BAC', 'relevance_score': '0.056808', 'ticker_sentiment_score': '0.150964', 'ticker_sentiment_label': 'Somewhat-Bullish'}, {'ticker': 'PARA', 'relevance_score': '0.113329', 'ticker_sentiment_score': '0.010257', 'ticker_sentiment_label': 'Neutral'}, {'ticker': 'MS', 'relevance_score': '0.056808', 'ticker_sentiment_score': '0.138956', 'ticker_sentiment_label': 'Neutral'}, {'ticker': 'WYNN', 'relevance_score': '0.056808', 'ticker_sentiment_score': '0.099934', 'ticker_sentiment_label': 'Neutral'}, {'ticker': 'ALGN', 'relevance_score': '0.113329', 'ticker_sentiment_score': '0.237001', 'ticker_sentiment_label': 'Somewhat-Bullish'}, {'ticker': 'HBI', 'relevance_score': '0.113329', 'ticker_sentiment_score': '-0.258876', 'ticker_sentiment_label': 'Somewhat-Bearish'}, {'ticker': 'MSFT', 'relevance_score': '0.056808', 'ticker_sentiment_score': '-0.078145', 'ticker_sentiment_label': 'Neutral'}, {'ticker': 'OXY', 'relevance_score': '0.056808', 'ticker_sentiment_score': '0.154014', 'ticker_sentiment_label': 'Somewhat-Bullish'}, {'ticker': 'FSLR', 'relevance_score': '0.113329', 'ticker_sentiment_score': '0.167611', 'ticker_sentiment_label': 'Somewhat-Bullish'}, {'ticker': 'BCS', 'relevance_score': '0.056808', 'ticker_sentiment_score': '0.141105', 'ticker_sentiment_label': 'Neutral'}, {'ticker': 'NOV', 'relevance_score': '0.113329', 'ticker_sentiment_score': '0.154201', 'ticker_sentiment_label': 'Somewhat-Bullish'}, {'ticker': 'WFC', 'relevance_score': '0.169279', 'ticker_sentiment_score': '-0.079999', 'ticker_sentiment_label': 'Neutral'}, {'ticker': 'AMD', 'relevance_score': '0.056808', 'ticker_sentiment_score': '-0.036107', 'ticker_sentiment_label': 'Neutral'}, {'ticker': 'CTRA', 'relevance_score': '0.056808', 'ticker_sentiment_score': '0.154014', 'ticker_sentiment_label': 'Somewhat-Bullish'}, {'ticker': 'HWM', 'relevance_score': '0.113329', 'ticker_sentiment_score': '-0.072374', 'ticker_sentiment_label': 'Neutral'}, {'ticker': 'ON', 'relevance_score': '0.113329', 'ticker_sentiment_score': '-0.041757', 'ticker_sentiment_label': 'Neutral'}]"
5 Technology Stocks Poised to Beat Earnings Estimates in Q3,https://www.zacks.com/stock/news/2011168/5-technology-stocks-poised-to-beat-earnings-estimates-in-q3,20221031T140500,['Zacks Investment Research'],"Here we pick five tech stocks - Airbnb (ABNB), Fortinet (FTNT), Five9 (FIVN), The Trade Desk (TTD) and ZoomInfo (ZI) - which are likely to pull off positive earnings surprises in third-quarter 2022.",https://staticx-tuner.zacks.com/images/articles/main/33/852.jpg,Zacks Commentary,n/a,www.zacks.com,"[{'topic': 'Earnings', 'relevance_score': '1.0'}, {'topic': 'Economy - Monetary', 'relevance_score': '0.310843'}, {'topic': 'Technology', 'relevance_score': '1.0'}]",0.036019,Neutral,"[{'ticker': 'LNVGF', 'relevance_score': '0.051003', 'ticker_sentiment_score': '-0.079044', 'ticker_sentiment_label': 'Neutral'}, {'ticker': 'MSFT', 'relevance_score': '0.051003', 'ticker_sentiment_score': '-0.079044', 'ticker_sentiment_label': 'Neutral'}, {'ticker': 'GOOG', 'relevance_score': '0.152178', 'ticker_sentiment_score': '-0.107902', 'ticker_sentiment_label': 'Neutral'}, {'ticker': 'META', 'relevance_score': '0.101797', 'ticker_sentiment_score': '-0.088211', 'ticker_sentiment_label': 'Neutral'}, {'ticker': 'FTNT', 'relevance_score': '0.201944', 'ticker_sentiment_score': '0.0', 'ticker_sentiment_label': 'Neutral'}, {'ticker': 'TTD', 'relevance_score': '0.201944', 'ticker_sentiment_score': '0.055936', 'ticker_sentiment_label': 'Neutral'}, {'ticker': 'ABNB', 'relevance_score': '0.201944', 'ticker_sentiment_score': '0.071521', 'ticker_sentiment_label': 'Neutral'}, {'ticker': 'FIVN', 'relevance_score': '0.201944', 'ticker_sentiment_score': '0.085556', 'ticker_sentiment_label': 'Neutral'}, {'ticker': 'DELL', 'relevance_score': '0.051003', 'ticker_sentiment_score': '-0.079044', 'ticker_sentiment_label': 'Neutral'}, {'ticker': 'ZI', 'relevance_score': '0.152178', 'ticker_sentiment_score': '0.0', 'ticker_sentiment_label': 'Neutral'}, {'ticker': 'FOREX:USD', 'relevance_score': '0.051003', 'ticker_sentiment_score': '-0.079044', 'ticker_sentiment_label': 'Neutral'}]"
KULR Sets November 2022 Conference Schedule,https://www.globenewswire.com/news-release/2022/10/31/2544651/0/en/KULR-Sets-November-2022-Conference-Schedule.html,20221031T130000,"['KULR Technology Group', 'Inc.']","SAN DIEGO, Oct. 31, 2022 ( GLOBE NEWSWIRE ) -- KULR Technology Group, Inc. ( NYSE American: KULR ) ( the ""Company"" or ""KULR"" ) , a leading energy management platform accelerating the electrification of the circular economy, is scheduled to participate at the following conferences in November ...",https://ml.globenewswire.com/Resource/Download/bb313607-465f-4cfc-b1bc-f4d8b5940190?size=1,GlobeNewswire,n/a,www.globenewswire.com,"[{'topic': 'Technology', 'relevance_score': '1.0'}, {'topic': 'Financial Markets', 'relevance_score': '0.158519'}]",0.260242,Somewhat-Bullish,"[{'ticker': 'MSFT', 'relevance_score': '0.046095', 'ticker_sentiment_score': '0.0', 'ticker_sentiment_label': 'Neutral'}]"
Global Marketing Automation Market to Reach $9.5 billion by 2027 - Report by MarketsandMarkets,https://www.benzinga.com/pressreleases/22/10/g29480399/global-marketing-automation-market-to-reach-9-5-billion-by-2027-report-by-marketsandmarkets,20221031T140000,['Globe Newswire'],"Chicago, Oct. 31, 2022 ( GLOBE NEWSWIRE ) -- The Global Marketing Automation Market size is expected to grow from 5.2 billion in 2022 to USD 9.5 billion by 2027, at a Compound Annual Growth Rate ( CAGR ) of 12.8% during the forecast period, according to a new report by MarketsandMarkets.",,Benzinga,News,www.benzinga.com,"[{'topic': 'Technology', 'relevance_score': '1.0'}]",0.360372,Bullish,"[{'ticker': 'MSFT', 'relevance_score': '0.045224', 'ticker_sentiment_score': '0.0', 'ticker_sentiment_label': 'Neutral'}, {'ticker': 'TDC', 'relevance_score': '0.045224', 'ticker_sentiment_score': '0.0', 'ticker_sentiment_label': 'Neutral'}, {'ticker': 'HUBS', 'relevance_score': '0.045224', 'ticker_sentiment_score': '0.0', 'ticker_sentiment_label': 'Neutral'}, {'ticker': 'THRY', 'relevance_score': '0.045224', 'ticker_sentiment_score': '0.0', 'ticker_sentiment_label': 'Neutral'}]"
"Software-Defined Compute Market Size to Grow by USD 8.43 Bn, Global Internet Services and Infrastructure Market Considered as Parent Market 2022-2026 - Technavio",https://www.prnewswire.com/news-releases/software-defined-compute-market-size-to-grow-by-usd-8-43-bn-global-internet-services-and-infrastructure-market-considered-as-parent-market-2022-2026---technavio-301662321.html,20221031T210000,['Technavio'],"NEW YORK, Oct. 31, 2022 /PRNewswire/ -- The global software-defined compute market has been categorized as a part of the global Internet services and infrastructure market.",https://mma.prnewswire.com/media/1932292/TECHNAVIO_software_defined_compute.jpg?w=500,PR Newswire,n/a,www.prnewswire.com,"[{'topic': 'Retail & Wholesale', 'relevance_score': '0.333333'}, {'topic': 'Manufacturing', 'relevance_score': '0.333333'}, {'topic': 'Mergers & Acquisitions', 'relevance_score': '0.158519'}, {'topic': 'Technology', 'relevance_score': '0.333333'}]",0.138211,Neutral,"[{'ticker': 'GOOG', 'relevance_score': '0.043658', 'ticker_sentiment_score': '0.0', 'ticker_sentiment_label': 'Neutral'}, {'ticker': 'VMW', 'relevance_score': '0.043658', 'ticker_sentiment_score': '0.0', 'ticker_sentiment_label': 'Neutral'}, {'ticker': 'AVGO', 'relevance_score': '0.043658', 'ticker_sentiment_score': '0.0', 'ticker_sentiment_label': 'Neutral'}, {'ticker': 'CSCO', 'relevance_score': '0.043658', 'ticker_sentiment_score': '0.0', 'ticker_sentiment_label': 'Neutral'}, {'ticker': 'MFGP', 'relevance_score': '0.043658', 'ticker_sentiment_score': '0.0', 'ticker_sentiment_label': 'Neutral'}, {'ticker': 'DDOG', 'relevance_score': '0.043658', 'ticker_sentiment_score': '0.0', 'ticker_sentiment_label': 'Neutral'}, {'ticker': 'HPQ', 'relevance_score': '0.043658', 'ticker_sentiment_score': '0.0', 'ticker_sentiment_label': 'Neutral'}, {'ticker': 'ORCL', 'relevance_score': '0.043658', 'ticker_sentiment_score': '0.0', 'ticker_sentiment_label': 'Neutral'}, {'ticker': 'DXC', 'relevance_score': '0.043658', 'ticker_sentiment_score': '0.0', 'ticker_sentiment_label': 'Neutral'}, {'ticker': 'DT', 'relevance_score': '0.043658', 'ticker_sentiment_score': '0.0', 'ticker_sentiment_label': 'Neutral'}, {'ticker': 'MSFT', 'relevance_score': '0.043658', 'ticker_sentiment_score': '0.0', 'ticker_sentiment_label': 'Neutral'}, {'ticker': 'NTNX', 'relevance_score': '0.043658', 'ticker_sentiment_score': '0.0', 'ticker_sentiment_label': 'Neutral'}, {'ticker': 'IBM', 'relevance_score': '0.043658', 'ticker_sentiment_score': '0.0', 'ticker_sentiment_label': 'Neutral'}, {'ticker': 'SPLK', 'relevance_score': '0.043658', 'ticker_sentiment_score': '0.0', 'ticker_sentiment_label': 'Neutral'}, {'ticker': 'HPE', 'relevance_score': '0.043658', 'ticker_sentiment_score': '0.0', 'ticker_sentiment_label': 'Neutral'}]"
"Software-Defined Compute Market Size to Grow by USD 8.43 Bn, Global Internet Services and Infrastructure Market Considered as Parent Market 2022-2026 - Technavio",https://www.prnewswire.com/news-releases/software-defined-compute-market-size-to-grow-by-usd-8-43-bn-global-internet-services-and-infrastructure-market-considered-as-parent-market-2022-2026---technavio-301662331.html,20221031T190000,['Technavio'],"NEW YORK, Oct. 31, 2022 /PRNewswire/ -- The global software-defined compute market has been categorized as a part of the global Internet services and infrastructure market.",https://mma.prnewswire.com/media/1932290/Technavio_Market_Research_Global_Software.jpg?w=500,PR Newswire,n/a,www.prnewswire.com,"[{'topic': 'Retail & Wholesale', 'relevance_score': '0.333333'}, {'topic': 'Manufacturing', 'relevance_score': '0.333333'}, {'topic': 'Mergers & Acquisitions', 'relevance_score': '0.158519'}, {'topic': 'Technology', 'relevance_score': '0.333333'}]",0.138211,Neutral,"[{'ticker': 'GOOG', 'relevance_score': '0.043658', 'ticker_sentiment_score': '0.0', 'ticker_sentiment_label': 'Neutral'}, {'ticker': 'VMW', 'relevance_score': '0.043658', 'ticker_sentiment_score': '0.0', 'ticker_sentiment_label': 'Neutral'}, {'ticker': 'AVGO', 'relevance_score': '0.043658', 'ticker_sentiment_score': '0.0', 'ticker_sentiment_label': 'Neutral'}, {'ticker': 'CSCO', 'relevance_score': '0.043658', 'ticker_sentiment_score': '0.0', 'ticker_sentiment_label': 'Neutral'}, {'ticker': 'MFGP', 'relevance_score': '0.043658', 'ticker_sentiment_score': '0.0', 'ticker_sentiment_label': 'Neutral'}, {'ticker': 'DDOG', 'relevance_score': '0.043658', 'ticker_sentiment_score': '0.0', 'ticker_sentiment_label': 'Neutral'}, {'ticker': 'HPQ', 'relevance_score': '0.043658', 'ticker_sentiment_score': '0.0', 'ticker_sentiment_label': 'Neutral'}, {'ticker': 'ORCL', 'relevance_score': '0.043658', 'ticker_sentiment_score': '0.0', 'ticker_sentiment_label': 'Neutral'}, {'ticker': 'DXC', 'relevance_score': '0.043658', 'ticker_sentiment_score': '0.0', 'ticker_sentiment_label': 'Neutral'}, {'ticker': 'DT', 'relevance_score': '0.043658', 'ticker_sentiment_score': '0.0', 'ticker_sentiment_label': 'Neutral'}, {'ticker': 'MSFT', 'relevance_score': '0.043658', 'ticker_sentiment_score': '0.0', 'ticker_sentiment_label': 'Neutral'}, {'ticker': 'NTNX', 'relevance_score': '0.043658', 'ticker_sentiment_score': '0.0', 'ticker_sentiment_label': 'Neutral'}, {'ticker': 'IBM', 'relevance_score': '0.043658', 'ticker_sentiment_score': '0.0', 'ticker_sentiment_label': 'Neutral'}, {'ticker': 'SPLK', 'relevance_score': '0.043658', 'ticker_sentiment_score': '0.0', 'ticker_sentiment_label': 'Neutral'}, {'ticker': 'HPE', 'relevance_score': '0.043658', 'ticker_sentiment_score': '0.0', 'ticker_sentiment_label': 'Neutral'}]"
What You Can Expect from the Fed This Week  ( and What to Do About It ) ,https://moneymorning.com/2022/10/31/what-you-can-expect-from-the-fed-this-week-and-what-to-do-about-it/,20221031T155112,"['gbaldwin3', 'Garrett Baldwin', 'Shah Gilani']","The central bank will likely increase the Fed Funds rate by 75 basis points.Unless we see large amounts of insider buying, this will set off a December selloff that will rival what we saw in December 2008 and December 2018.",https://moneymorning.com/wp-content/blogs.dir/1/files/2019/05/Retin_Headshots_Garrett_Baldwin-210x246.jpg,Money Morning,n/a,moneymorning.com,"[{'topic': 'Economy - Monetary', 'relevance_score': '0.999999'}, {'topic': 'Financial Markets', 'relevance_score': '0.917436'}, {'topic': 'Earnings', 'relevance_score': '0.310843'}, {'topic': 'Technology', 'relevance_score': '0.5'}, {'topic': 'Finance', 'relevance_score': '0.5'}]",-0.051409,Neutral,"[{'ticker': 'GS', 'relevance_score': '0.042048', 'ticker_sentiment_score': '-0.035601', 'ticker_sentiment_label': 'Neutral'}, {'ticker': 'MSFT', 'relevance_score': '0.042048', 'ticker_sentiment_score': '0.100543', 'ticker_sentiment_label': 'Neutral'}]"
Big Tech Looks Ahead To A Potentially Bleak Q4 And The Housing Market Cools Off - AI Newsletter October 29th,https://www.forbes.com/sites/qai/2022/10/31/big-tech-looks-ahead-to-a-potentially-bleak-q4-and-the-housing-market-cools-offforbes-ai-newsletter-october-29th/,20221031T134508,['Q.ai - Powering a Personal Wealth Movement'],"Subscribe to the Forbes AI newsletter to stay in the loop and get AI-backed investing insights, the latest news and more delivered directly to your inbox every weekend.",https://imageio.forbes.com/specials-images/imageserve/635fd0dd27ac3469b7876e09/0x0.jpg?format=jpg&width=1200,Forbes,Money,www.forbes.com,"[{'topic': 'Life Sciences', 'relevance_score': '0.25'}, {'topic': 'Energy & Transportation', 'relevance_score': '0.25'}, {'topic': 'Technology', 'relevance_score': '0.25'}, {'topic': 'Economy - Monetary', 'relevance_score': '0.158519'}, {'topic': 'Financial Markets', 'relevance_score': '0.999965'}, {'topic': 'Earnings', 'relevance_score': '0.999162'}, {'topic': 'Real Estate & Construction', 'relevance_score': '0.25'}]",0.086905,Neutral,"[{'ticker': 'MSFT', 'relevance_score': '0.033894', 'ticker_sentiment_score': '-0.092719', 'ticker_sentiment_label': 'Neutral'}, {'ticker': 'MGTX', 'relevance_score': '0.067727', 'ticker_sentiment_score': '0.171645', 'ticker_sentiment_label': 'Somewhat-Bullish'}, {'ticker': 'CINC', 'relevance_score': '0.067727', 'ticker_sentiment_score': '0.045654', 'ticker_sentiment_label': 'Neutral'}, {'ticker': 'SPOT', 'relevance_score': '0.033894', 'ticker_sentiment_score': '-0.092719', 'ticker_sentiment_label': 'Neutral'}, {'ticker': 'GRBK', 'relevance_score': '0.067727', 'ticker_sentiment_score': '-0.055949', 'ticker_sentiment_label': 'Neutral'}, {'ticker': 'CEIX', 'relevance_score': '0.067727', 'ticker_sentiment_score': '0.215967', 'ticker_sentiment_label': 'Somewhat-Bullish'}, {'ticker': 'FOREX:USD', 'relevance_score': '0.067727', 'ticker_sentiment_score': '-0.057294', 'ticker_sentiment_label': 'Neutral'}]"
"What went wrong with Snap, Netflix and Uber?",https://www.economist.com/business/2022/10/31/what-went-wrong-with-snap-netflix-and-uber,20221031T215021,[],"Despite superficial differences, digital darlings' business models rest on the same shaky pillars ...",https://www.economist.com/img/b/608/662/90/media-assets/image/20221105_EPC585.png,The Economist,Business,www.economist.com,"[{'topic': 'Economy - Monetary', 'relevance_score': '0.158519'}, {'topic': 'Financial Markets', 'relevance_score': '0.538269'}, {'topic': 'Earnings', 'relevance_score': '0.858979'}, {'topic': 'Technology', 'relevance_score': '0.5'}, {'topic': 'Finance', 'relevance_score': '0.5'}]",-0.024306,Neutral,"[{'ticker': 'MSFT', 'relevance_score': '0.029399', 'ticker_sentiment_score': '0.03728', 'ticker_sentiment_label': 'Neutral'}, {'ticker': 'NFLX', 'relevance_score': '0.175009', 'ticker_sentiment_score': '-0.020763', 'ticker_sentiment_label': 'Neutral'}, {'ticker': 'SPOT', 'relevance_score': '0.146202', 'ticker_sentiment_score': '-0.01842', 'ticker_sentiment_label': 'Neutral'}, {'ticker': 'DASH', 'relevance_score': '0.088039', 'ticker_sentiment_score': '-0.017963', 'ticker_sentiment_label': 'Neutral'}, {'ticker': 'UBER', 'relevance_score': '0.146202', 'ticker_sentiment_score': '0.0', 'ticker_sentiment_label': 'Neutral'}, {'ticker': 'ANAT', 'relevance_score': '0.029399', 'ticker_sentiment_score': '-0.108412', 'ticker_sentiment_label': 'Neutral'}]"
